{
"logging" : "mono-score",
"f1" : 0.97188,
"p" : 0.99856,
"r" : 0.94659,
"a" : 0.99660,
"ari" : 0.97007,
"size_true" : 2101.00000,
"size_pred" : 2101.00000,
"num_labels_true" : 118.00000,
"num_labels_pred" : 233.00000,
"ri" : 0.99660,
"nmi" : 0.97067,
"ami" : 0.92084,
"pur" : 0.91766,
"hom" : 0.99603,
"comp" : 0.94596,
"v" : 0.97035,
"tp" : 129452.00000,
"fp" : 187.00000,
"tn" : 2069107.00000,
"fn" : 7304.00000
}
