{
"logging" : "mono-score",
"f1" : 0.87041,
"p" : 0.99118,
"r" : 0.77587,
"a" : 0.99371,
"ari" : 0.86723,
"size_true" : 8726.00000,
"size_pred" : 8726.00000,
"num_labels_true" : 222.00000,
"num_labels_pred" : 606.00000,
"ri" : 0.99371,
"nmi" : 0.95423,
"ami" : 0.89239,
"pur" : 0.87325,
"hom" : 0.99154,
"comp" : 0.91833,
"v" : 0.95353,
"tp" : 804660.00000,
"fp" : 7160.00000,
"tn" : 37022912.00000,
"fn" : 232443.00000
}
