{
"logging" : "mono-score",
"f1" : 0.94034,
"p" : 0.98143,
"r" : 0.90254,
"a" : 0.99688,
"ari" : 0.93874,
"size_true" : 8726.00000,
"size_pred" : 8726.00000,
"num_labels_true" : 222.00000,
"num_labels_pred" : 326.00000,
"ri" : 0.99688,
"nmi" : 0.97021,
"ami" : 0.94870,
"pur" : 0.93686,
"hom" : 0.98063,
"comp" : 0.95991,
"v" : 0.97016,
"tp" : 936031.00000,
"fp" : 17710.00000,
"tn" : 37012362.00000,
"fn" : 101072.00000
}