{
"logging" : "mono-score",
"f1" : 0.96830,
"p" : 0.97013,
"r" : 0.96647,
"a" : 0.99873,
"ari" : 0.96765,
"size_true" : 2177.00000,
"size_pred" : 2177.00000,
"num_labels_true" : 149.00000,
"num_labels_pred" : 281.00000,
"ri" : 0.99873,
"nmi" : 0.96797,
"ami" : 0.91438,
"pur" : 0.90537,
"hom" : 0.98703,
"comp" : 0.94929,
"v" : 0.96779,
"tp" : 46029.00000,
"fp" : 1417.00000,
"tn" : 2319533.00000,
"fn" : 1597.00000
}
